[
    {
        "token_type": "dex_paid",
        "token": {
            "signature": "2JLRmeVye8hbBNdNbFAqVFi7AydgZyrM4w6guxVNjWVnMTsVgsERcTKwQDGcfdjAyLxtxq6jMA8eKfHpkY56Nta4",
            "sol_amount": 1000000000,
            "token_amount": 18829798511763,
            "is_buy": true,
            "user": "hRiMx8b2cZ7umjFmsd3eKrnZVi1TthLYT5G67jpxZVh",
            "timestamp": 1726605234,
            "mint": "FN5wo6mjpguPbsV9ovEZhqc7qkeQNJZ6rE3Konbapump",
            "virtual_sol_reserves": 41849418376,
            "virtual_token_reserves": 769186317342828,
            "slot": 290409078,
            "tx_index": 1,
            "name": "bunny corn",
            "symbol": "born",
            "description": "",
            "image_uri": "https://ipfs.io/ipfs/Qmf9xvwzhmLVSdXKVHSRQuSwaYFAqMGPv98gortA7o9FDM",
            "metadata_uri": "https://ipfs.io/ipfs/QmQbhrTj1tJ9yYHFJjAwhmafkpZsuQW7dt2DFnbgKz7TX8",
            "twitter": null,
            "telegram": null,
            "bonding_curve": "DaJBadukaNuhsDswRzEuWvwDKrA7RjnzdKnXwmVKYouP",
            "associated_bonding_curve": "Gnpk3aduF4kKU5z6N6aBfCHtMvsHTBehxg3jqHnDN224",
            "creator": "DKYdwHjdwnnvjXBcmxT6vheyARCBRwmkjnxPsjE13quf",
            "created_timestamp": 1726605221581,
            "raydium_pool": null,
            "complete": false,
            "total_supply": 1000000000000000,
            "website": null,
            "show_name": true,
            "king_of_the_hill_timestamp": null,
            "market_cap": 51.838303245,
            "reply_count": 5,
            "last_reply": 1726605230494,
            "nsfw": false,
            "market_id": null,
            "inverted": null,
            "is_currently_live": false,
            "creator_username": "negr1",
            "creator_profile_image": null,
            "usd_market_cap": 6872.722244222101,
            "holders_count": 4
        }
    },
    {
        "token_type": "big_buys",
        "token": {
            "signature": "3aUYoTrzX1HQYHLrgzdXKDZBCG55c2QiZeyu3Rsewp3z33n1FKVceY7Civ8t591qrfgfXi6hY5UYihBgXjgxyGkU",
            "sol_amount": 3300000000,
            "token_amount": 106333333333333,
            "is_buy": true,
            "user": "9WkPsizWuiKVSLf9Xs19XJ57GZWQipieUca1CLMXC4qR",
            "timestamp": 1726605234,
            "mint": "h77Rhp4EuVSWBWvRuiJYkfTYEUsZdLkfBAW7gDrpump",
            "virtual_sol_reserves": 33300000000,
            "virtual_token_reserves": 966666666666667,
            "slot": 290409079,
            "tx_index": 2,
            "name": "WЕWОNFОRЕVЕR",
            "symbol": "FОRЕVЕR",
            "description": "i am forever loved 𓂃 ﾟ｡ ⋆ ⟡ i am forever worthy 𓂃 ﾟ｡ ⋆ ⟡ i am forever healthy 𓂃 ﾟ｡ ⋆ ⟡ i am forever blessed 𓂃 ﾟ｡ ⋆ ⟡ i am forever grateful 𓂃 ﾟ｡ ⋆ ⟡ i am forever evolving 𓂃 ﾟ｡ ⋆ ⟡ i am forever protected",
            "image_uri": "https://ipfs.io/ipfs/QmbpJRFAMGa4bJViQGALuCoRUX1FptqTr67Mmf1CNSo1Gf",
            "metadata_uri": "https://ipfs.io/ipfs/Qmdyigqshn9Lpoo4GRW1JBbtZxDXeiehT4pDRMPavjbrGU",
            "twitter": "https://x.com/WE_WON_FOREVER",
            "telegram": "https://t.me/FOREVERWEWON",
            "bonding_curve": "GRBh1nqaTVFuKNy5oQcdLKtgBJirt6tgvz53HFUyPYKG",
            "associated_bonding_curve": "5JuYrDpCD5FkXqTkgSYHWp1NFnihT2CqyiLR5R6x4cAE",
            "creator": "9WkPsizWuiKVSLf9Xs19XJ57GZWQipieUca1CLMXC4qR",
            "created_timestamp": 1726605235906,
            "raydium_pool": null,
            "complete": false,
            "total_supply": 1000000000000000,
            "website": "https://wewonforever.top/",
            "show_name": true,
            "king_of_the_hill_timestamp": null,
            "market_cap": 27.958993476,
            "reply_count": 0,
            "last_reply": null,
            "nsfw": false,
            "market_id": null,
            "inverted": null,
            "is_currently_live": false,
            "creator_username": null,
            "creator_profile_image": null,
            "usd_market_cap": 3706.8033550480804,
            "holders_count": 0
        }
    },
    {
        "token_type": "dex_paid",
        "token": {
            "signature": "3mGZ46epwF5BRNYw6injKGumoxkJUqJpGPnjbHp4eGccpNR7CAHnJaw9AUyUf5TsrJ5q2bYAUdQfuuhpVv6rUoXP",
            "sol_amount": 2000000000,
            "token_amount": 67062499999999,
            "is_buy": true,
            "user": "8JBqFdE18SF1iayZPHX5mL7cZuhZqFNx3XWeU2Peiz6f",
            "timestamp": 1726605251,
            "mint": "42fgZfoMUSuCJewFpdW3ZWY9fSfn9eawtNmvgLdApump",
            "virtual_sol_reserves": 32000000000,
            "virtual_token_reserves": 1005937500000001,
            "slot": 290409119,
            "tx_index": 2,
            "name": "KUCOIN DOG",
            "symbol": "KUDOG",
            "description": "KUDOG",
            "image_uri": "https://ipfs.io/ipfs/Qmb6AxWTErgvHD7kFp7zbBUb5y3UPc62zeqAGi3iNFgDSF",
            "metadata_uri": "https://ipfs.io/ipfs/QmWP6DSKhXThH63weGAGdAkov5EtPLvnVGJjUVLDcs5sZj",
            "twitter": "https://x.com/kucoincom/status/1836117925905740115",
            "telegram": "https://x.com/kucoincom/status/1836117925905740115",
            "bonding_curve": "DAipC8MyYBXsYW6JpvajV1FNQvjTinw3Nbz85nyyEZcv",
            "associated_bonding_curve": "3QaZJkNdMEwtowDMdHeThAVKVC33uvnzNDnoH2yzEj1A",
            "creator": "8JBqFdE18SF1iayZPHX5mL7cZuhZqFNx3XWeU2Peiz6f",
            "created_timestamp": 1726605252558,
            "raydium_pool": null,
            "complete": false,
            "total_supply": 1000000000000000,
            "website": "https://x.com/kucoincom/status/1836117925905740115",
            "show_name": true,
            "king_of_the_hill_timestamp": null,
            "market_cap": 27.958993476,
            "reply_count": 0,
            "last_reply": null,
            "nsfw": false,
            "market_id": null,
            "inverted": null,
            "is_currently_live": false,
            "creator_username": null,
            "creator_profile_image": null,
            "usd_market_cap": 3706.8033550480804,
            "holders_count": 0
        }
    },
    {
        "token_type": "dex_paid",
        "token": {
            "signature": "4VzY1qA6RerhuD87NyPr2yMHhdzyxito7zNBbgZVtLuKFVbMMZcvQXvyJARsMCYe8SbAtGycqDrwFcR7VLB5vcsz",
            "sol_amount": 1900000000,
            "token_amount": 63909090909090,
            "is_buy": true,
            "user": "HrdDX54yGJD217Z6evBQhyfKM3PThQ3QbCYxk3xXEkbT",
            "timestamp": 1726605256,
            "mint": "HqT8FCvPPmZrMjuwanEajwJ4aPcrskoVXgoG3s35pump",
            "virtual_sol_reserves": 31900000000,
            "virtual_token_reserves": 1009090909090910,
            "slot": 290409130,
            "tx_index": 2,
            "name": "BlackRock AI",
            "symbol": "BRAI",
            "description": "",
            "image_uri": "https://ipfs.io/ipfs/QmSjRwYu84cRN6K3MJAr97XaPQNo4CAFB2p9k8D8mAGEvS",
            "metadata_uri": "https://ipfs.io/ipfs/QmVqU94HYGyitQf79kcZS4RkBEDwkeDYgZvnHGnAmvTt4x",
            "twitter": "https://x.com/spectatorindex/status/1836139191824191739?t=VJpNfkeJtOdYlrwdqzeZ4w&s=19",
            "telegram": "https://x.com/spectatorindex/status/1836139191824191739?t=VJpNfkeJtOdYlrwdqzeZ4w&s=19",
            "bonding_curve": "9XeLr6wMvDn5HiFhtAKEW8Bz3z9rm1QKNpSvdbZt3PUk",
            "associated_bonding_curve": "agvCKR8tcZ3ayZUHJ5Mswyq771uEiiSWNjMHWiafXXj",
            "creator": "HrdDX54yGJD217Z6evBQhyfKM3PThQ3QbCYxk3xXEkbT",
            "created_timestamp": 1726605257854,
            "raydium_pool": null,
            "complete": false,
            "total_supply": 1000000000000000,
            "website": null,
            "show_name": true,
            "king_of_the_hill_timestamp": null,
            "market_cap": 27.958993476,
            "reply_count": 0,
            "last_reply": null,
            "nsfw": false,
            "market_id": null,
            "inverted": null,
            "is_currently_live": false,
            "creator_username": null,
            "creator_profile_image": null,
            "usd_market_cap": 3706.8033550480804,
            "holders_count": 0
        }
    },
    {
        "token_type": "big_buys",
        "token": {
            "signature": "27AgwXiAj2b3M16gqU6VL6v6i11zUogFm95626TDGKDiZ38uAximc6xivwiTMq9WVVPENt1XrVxzGPs7sQFsoSWY",
            "sol_amount": 1500000000,
            "token_amount": 51095238095238,
            "is_buy": true,
            "user": "14ZASjc3dNket3sQHT58x2AmQ4MYosM7z8SAJRaHBZk7",
            "timestamp": 1726605276,
            "mint": "9ruUBVQtgqTut1oQLM8VwFG1ppT5Mn3j4XqGc6k3pump",
            "virtual_sol_reserves": 31500000000,
            "virtual_token_reserves": 1021904761904762,
            "slot": 290409178,
            "tx_index": 2,
            "name": "/._VOID",
            "symbol": "VOID",
            "description": "The void of nothing.",
            "image_uri": "https://ipfs.io/ipfs/Qmc9RUF9pDctvUwuaKydfpS5pkd9boi9e2ppqHK9VcqiwT",
            "metadata_uri": "https://ipfs.io/ipfs/QmbrmcsrW1Tr1E8M5LtSzp2fMW7aKrDUfXE4aQPXWu5BH7",
            "twitter": "https://x.com/voidtokensol?s=21",
            "telegram": "https://t.me/+NC520JWGM5QyZmZk",
            "bonding_curve": "AjCC43zv6XPR54MhURnMte4XekjtmCn4CDDfRYk4NYos",
            "associated_bonding_curve": "Azzp8TGCFGpVSMNjpRhXAKhRQKMfyEcJbEFxoHEywmnE",
            "creator": "14ZASjc3dNket3sQHT58x2AmQ4MYosM7z8SAJRaHBZk7",
            "created_timestamp": 1726605277694,
            "raydium_pool": null,
            "complete": false,
            "total_supply": 1000000000000000,
            "website": "https://www.voidofnothing.com/",
            "show_name": true,
            "king_of_the_hill_timestamp": null,
            "market_cap": 27.958993476,
            "reply_count": 0,
            "last_reply": null,
            "nsfw": false,
            "market_id": null,
            "inverted": null,
            "is_currently_live": false,
            "creator_username": null,
            "creator_profile_image": null,
            "usd_market_cap": 3706.8033550480804,
            "holders_count": 0
        }
    },
    {
        "token_type": "big_buys",
        "token": {
            "signature": "LCyEWgCRo7tVd3RW6STkSEjoXcDu3HwQi9UAp84Pg4UUsZWTDEDZDcSd2ovCZZhw3DQkohJpFrtT5B4PWnsHR3p",
            "sol_amount": 1000000000,
            "token_amount": 34612903225806,
            "is_buy": true,
            "user": "DYtKfXbeiH8WU8bqB7BEWWAMdujPinwmfEg32V5JvGUa",
            "timestamp": 1726605294,
            "mint": "9m4kETMdFMKxbnD9KYWkRfV4xZCLSM2Vf1JdsTNapump",
            "virtual_sol_reserves": 31000000000,
            "virtual_token_reserves": 1038387096774194,
            "slot": 290409220,
            "tx_index": 2,
            "name": "air force juan",
            "symbol": "AFJ",
            "description": "in juan we trust",
            "image_uri": "https://ipfs.io/ipfs/QmZ3biCty28WaExeyEvSGmuvngXFQYjyG19qpM2XRjQ7M5",
            "metadata_uri": "https://ipfs.io/ipfs/QmUkY2UZC4hmNxgY8uxKJoS9tWodbcQP2WHk8aocUrsYzQ",
            "twitter": null,
            "telegram": null,
            "bonding_curve": "3n5wZzeznzURZEQW4BCiP242TzN4rzktga4anGD1mDE2",
            "associated_bonding_curve": "4jTNwXbRssPwCoJvUp82i1UrBXm9TjtEHTqyEQgGm5AB",
            "creator": "DYtKfXbeiH8WU8bqB7BEWWAMdujPinwmfEg32V5JvGUa",
            "created_timestamp": 1726605295373,
            "raydium_pool": null,
            "complete": false,
            "total_supply": 1000000000000000,
            "website": null,
            "show_name": true,
            "king_of_the_hill_timestamp": null,
            "market_cap": 27.958993476,
            "reply_count": 0,
            "last_reply": null,
            "nsfw": false,
            "market_id": null,
            "inverted": null,
            "is_currently_live": false,
            "username": null,
            "profile_image": null,
            "creator_username": null,
            "creator_profile_image": null,
            "usd_market_cap": 3706.8033550480804,
            "holders_count": 0
        }
    },
    {
        "token_type": "big_buys",
        "token": {
            "signature": "4dqWKRxaSWuYt66AWd6xaFYkRh6zkX5vFty9CDSsiYqGZUUXNgcVzRq1CR8HkzNc3ZJFUbowUYppFEyiY2LEqLih",
            "sol_amount": 1000000001,
            "token_amount": 32801652697552,
            "is_buy": true,
            "user": "H5T9MYu8SA9PCrhXQ9sjTmPJHiBuuzYLwhn7MtyNPgfz",
            "timestamp": 1726605301,
            "mint": "FN5wo6mjpguPbsV9ovEZhqc7qkeQNJZ6rE3Konbapump",
            "virtual_sol_reserves": 31830544073,
            "virtual_token_reserves": 1011292799126299,
            "slot": 290409239,
            "tx_index": 1,
            "name": "bunny corn",
            "symbol": "born",
            "description": "",
            "image_uri": "https://ipfs.io/ipfs/Qmf9xvwzhmLVSdXKVHSRQuSwaYFAqMGPv98gortA7o9FDM",
            "metadata_uri": "https://ipfs.io/ipfs/QmQbhrTj1tJ9yYHFJjAwhmafkpZsuQW7dt2DFnbgKz7TX8",
            "twitter": null,
            "telegram": null,
            "bonding_curve": "DaJBadukaNuhsDswRzEuWvwDKrA7RjnzdKnXwmVKYouP",
            "associated_bonding_curve": "Gnpk3aduF4kKU5z6N6aBfCHtMvsHTBehxg3jqHnDN224",
            "creator": "DKYdwHjdwnnvjXBcmxT6vheyARCBRwmkjnxPsjE13quf",
            "created_timestamp": 1726605221581,
            "raydium_pool": null,
            "complete": false,
            "total_supply": 1000000000000000,
            "website": null,
            "show_name": true,
            "king_of_the_hill_timestamp": null,
            "market_cap": 29.528501006,
            "reply_count": 7,
            "last_reply": 1726605298186,
            "nsfw": false,
            "market_id": null,
            "inverted": null,
            "is_currently_live": false,
            "username": null,
            "profile_image": null,
            "creator_username": "negr1",
            "creator_profile_image": null,
            "usd_market_cap": 3914.88866337548,
            "holders_count": 5
        }
    },
    {
        "token_type": "big_buys",
        "token": {
            "signature": "RrpxrVqHyMoWWS6nNJsFLTJHYQvKyE5oCdTYDkUBpVLh3rvJ3aL9y2iRtWsjwNDCnjx6cx6ENrA6uJjLNjB74zZ",
            "sol_amount": 1000000000,
            "token_amount": 34612903225806,
            "is_buy": true,
            "user": "DMKw5TnUwLGHqAWu5XPPs7iUws69tFWocidmHDmpUsD9",
            "timestamp": 1726605315,
            "mint": "E2jj2gNts7ybV3RunH7KtjhJ7t4wNhwQGK7YjWKtpump",
            "virtual_sol_reserves": 31000000000,
            "virtual_token_reserves": 1038387096774194,
            "slot": 290409272,
            "tx_index": 2,
            "name": "ELONPASS",
            "symbol": "ELONPASS",
            "description": "munkiballz",
            "image_uri": "https://ipfs.io/ipfs/QmZUkTE986vfGvTFTQG1KMcNovTJF8NsbUEJijAsxzqjLU",
            "metadata_uri": "https://ipfs.io/ipfs/QmSD2sjsZwGv5e1SFtsJrDqTzL7JsTorRgaNgZxNZSt5x9",
            "twitter": "X.com/elonmusk",
            "telegram": "https://t.me/+aANVSUQOzMpiNTEx",
            "bonding_curve": "3TeKvjPsxt6cyE2L7BDYGaHV8weSqtx3aUeVSnEP8MX2",
            "associated_bonding_curve": "3SYLDWDERnEDSVpFZD5ejRuzjJuNNrDQhbYTYUFFJYZm",
            "creator": "DMKw5TnUwLGHqAWu5XPPs7iUws69tFWocidmHDmpUsD9",
            "created_timestamp": 1726605316570,
            "raydium_pool": null,
            "complete": false,
            "total_supply": 1000000000000000,
            "website": null,
            "show_name": true,
            "king_of_the_hill_timestamp": null,
            "market_cap": 27.958993476,
            "reply_count": 0,
            "last_reply": null,
            "nsfw": false,
            "market_id": null,
            "inverted": null,
            "is_currently_live": false,
            "username": "DMKw5Th",
            "profile_image": null,
            "creator_username": "DMKw5Th",
            "creator_profile_image": null,
            "usd_market_cap": 3706.8033550480804,
            "holders_count": 0
        }
    },
    {
        "token_type": "big_buys",
        "token": {
            "signature": "v8RwJ3efiyak5bFfZbnoU5hymk9JjTTCdifCKsH7BFLn38Hvz3ZavgfdeXiq9CT34NA3ivYXiv6xoXkR4SehnyP",
            "sol_amount": 1960396039,
            "token_amount": 60696067998600,
            "is_buy": true,
            "user": "4NGXaxAwBhGEqXAeuQrsB9aoZ8UyyiUQxjxa8LNCYXvQ",
            "timestamp": 1726605330,
            "mint": "E2jj2gNts7ybV3RunH7KtjhJ7t4wNhwQGK7YjWKtpump",
            "virtual_sol_reserves": 33239331155,
            "virtual_token_reserves": 968431038910376,
            "slot": 290409309,
            "tx_index": 1,
            "name": "ELONPASS",
            "symbol": "ELONPASS",
            "description": "munkiballz",
            "image_uri": "https://ipfs.io/ipfs/QmZUkTE986vfGvTFTQG1KMcNovTJF8NsbUEJijAsxzqjLU",
            "metadata_uri": "https://ipfs.io/ipfs/QmSD2sjsZwGv5e1SFtsJrDqTzL7JsTorRgaNgZxNZSt5x9",
            "twitter": "X.com/elonmusk",
            "telegram": "https://t.me/+aANVSUQOzMpiNTEx",
            "bonding_curve": "3TeKvjPsxt6cyE2L7BDYGaHV8weSqtx3aUeVSnEP8MX2",
            "associated_bonding_curve": "3SYLDWDERnEDSVpFZD5ejRuzjJuNNrDQhbYTYUFFJYZm",
            "creator": "DMKw5TnUwLGHqAWu5XPPs7iUws69tFWocidmHDmpUsD9",
            "created_timestamp": 1726605316570,
            "raydium_pool": null,
            "complete": false,
            "total_supply": 1000000000000000,
            "website": null,
            "show_name": true,
            "king_of_the_hill_timestamp": null,
            "market_cap": 30.393655852,
            "reply_count": 6,
            "last_reply": 1726605328562,
            "nsfw": false,
            "market_id": null,
            "inverted": null,
            "is_currently_live": false,
            "creator_username": "DMKw5Th",
            "creator_profile_image": null,
            "usd_market_cap": 4029.5908928581603,
            "holders_count": 6
        }
    },
    {
        "token_type": "big_buys",
        "token": {
            "signature": "QG3zesEqeocTtkzvvn6E5Y4LpaFtbzRwfHcbrZB2Syx6sftQGS8V1JQPV8npujthaJZjKwd7qpJtfmU2qqginUx",
            "sol_amount": 1628393941,
            "token_amount": 26441790951223,
            "is_buy": true,
            "user": "5yoQZ41nZ3baRsz2muGB94oELBehEEEmNhvHcCCpdJ1h",
            "timestamp": 1726605336,
            "mint": "B6ivPDN1yfmB6NU1mcxn49fNh5dTVcGXxXWUHwCcpump",
            "virtual_sol_reserves": 45345704371,
            "virtual_token_reserves": 709879811339126,
            "slot": 290409321,
            "tx_index": 1,
            "name": "MUGI",
            "symbol": "MUGI",
            "description": "https://kabochan.blog.jp/archives/41848890.html",
            "image_uri": "https://ipfs.io/ipfs/QmcrFmK8aBkREyHyE4oPWysrDYRWvwQPUhhsr8NkFvASUC",
            "metadata_uri": "https://ipfs.io/ipfs/QmXvctvuawyTcji92Gu8F5GsgN5vACVxasUvNHaiyv5K7K",
            "twitter": null,
            "telegram": null,
            "bonding_curve": "HAKw3RV8ZJzkbLcxxKcakLGL7K3mtie3CNwM4ncA6fdY",
            "associated_bonding_curve": "9YnkAFKexQKQdAccZvxSrArboSEopetLfZuzajeP7mKs",
            "creator": "5LuUDQmkM4guWe4EBjWAY1fY2SPARbm4MKBtRP5S9rR",
            "created_timestamp": 1726605075122,
            "raydium_pool": null,
            "complete": false,
            "total_supply": 1000000000000000,
            "website": null,
            "show_name": true,
            "king_of_the_hill_timestamp": null,
            "market_cap": 59.372576186,
            "reply_count": 11,
            "last_reply": 1726605310431,
            "nsfw": false,
            "market_id": null,
            "inverted": null,
            "is_currently_live": false,
            "creator_username": null,
            "creator_profile_image": null,
            "usd_market_cap": 7871.616150739881,
            "holders_count": 46
        }
    },
    {
        "token_type": "big_buys",
        "token": {
            "signature": "24psbukDGhs8vm2J5ib2sZ8RLSnMv2d8jpW7nrTGxJ44HuMTfEvdMFUoYAnXbeYSHvZ3oBrxWVdyxYGKxVA7EjCT",
            "sol_amount": 1000000000,
            "token_amount": 20644627029684,
            "is_buy": true,
            "user": "6r8DgN55VL6C2VWuuVYjd8iDyXZTVGSkginueQ5itGCG",
            "timestamp": 1726605342,
            "mint": "9m4kETMdFMKxbnD9KYWkRfV4xZCLSM2Vf1JdsTNapump",
            "virtual_sol_reserves": 39990422588,
            "virtual_token_reserves": 804942732059042,
            "slot": 290409335,
            "tx_index": 1,
            "name": "air force juan",
            "symbol": "AFJ",
            "description": "in juan we trust",
            "image_uri": "https://ipfs.io/ipfs/QmZ3biCty28WaExeyEvSGmuvngXFQYjyG19qpM2XRjQ7M5",
            "metadata_uri": "https://ipfs.io/ipfs/QmUkY2UZC4hmNxgY8uxKJoS9tWodbcQP2WHk8aocUrsYzQ",
            "twitter": null,
            "telegram": null,
            "bonding_curve": "3n5wZzeznzURZEQW4BCiP242TzN4rzktga4anGD1mDE2",
            "associated_bonding_curve": "4jTNwXbRssPwCoJvUp82i1UrBXm9TjtEHTqyEQgGm5AB",
            "creator": "DYtKfXbeiH8WU8bqB7BEWWAMdujPinwmfEg32V5JvGUa",
            "created_timestamp": 1726605295373,
            "raydium_pool": null,
            "complete": false,
            "total_supply": 1000000000000000,
            "website": null,
            "show_name": true,
            "king_of_the_hill_timestamp": null,
            "market_cap": 47.227494654,
            "reply_count": 9,
            "last_reply": 1726605332356,
            "nsfw": false,
            "market_id": null,
            "inverted": null,
            "is_currently_live": false,
            "creator_username": null,
            "creator_profile_image": null,
            "usd_market_cap": 6261.42124122732,
            "holders_count": 11
        }
    },
    {
        "token_type": "big_buys",
        "token": {
            "signature": "5jpvkQHmPzzQEDgoMdoF5nZu4ZSwAQyqZW6xuzLu7U1JJYJd9jC15BFqLHQVkBsNHook2S9smv3C7UNZSGtkAbES",
            "sol_amount": 2000000000,
            "token_amount": 67062499999999,
            "is_buy": true,
            "user": "BMEHx8bXhei6n8GUMmNicE3St65GK3Ps5NbNwUvJJHmb",
            "timestamp": 1726605343,
            "mint": "F8jRLADrSuQJ81h48MgwNh6EpkUKpQLqMwrMaPkMpump",
            "virtual_sol_reserves": 32000000000,
            "virtual_token_reserves": 1005937500000001,
            "slot": 290409339,
            "tx_index": 2,
            "name": "3dtestosterone",
            "symbol": "3d",
            "description": "",
            "image_uri": "https://ipfs.io/ipfs/QmRX8N1Xw8JKSx28Eg5tt3c8S365UUjQNXL5jq3QP4dZ5m",
            "metadata_uri": "https://ipfs.io/ipfs/QmVGoGDxzU8nAtTJ2bDVkdRPiz11KvrqJ38PgXxxmYU2nL",
            "twitter": "https://x.com/testosterone3d",
            "telegram": null,
            "bonding_curve": "7RLJ8AmNiqSXL4sKdwm3Zn9azd9JduHL6V8pY2j17tbX",
            "associated_bonding_curve": "8BFViwKo1AsZ6AC5q5cpZSzctzMLE9uoA86npfF76xsE",
            "creator": "BMEHx8bXhei6n8GUMmNicE3St65GK3Ps5NbNwUvJJHmb",
            "created_timestamp": 1726605345230,
            "raydium_pool": null,
            "complete": false,
            "total_supply": 1000000000000000,
            "website": "https://3dtestosterone.net",
            "show_name": true,
            "king_of_the_hill_timestamp": null,
            "market_cap": 27.958993476,
            "reply_count": 0,
            "last_reply": null,
            "nsfw": false,
            "market_id": null,
            "inverted": null,
            "is_currently_live": false,
            "creator_username": null,
            "creator_profile_image": null,
            "usd_market_cap": 3706.8033550480804,
            "holders_count": 0
        }
    },
    {
        "token_type": "big_buys",
        "token": {
            "signature": "3FQwQXPCL9n4xNsdScwFsstCDht1Uh1J2xPFdgZQLgXq35ofxqbptrtwnRusuh6VibSPT4feLe2iWZGa63SBNYU7",
            "sol_amount": 2000000000,
            "token_amount": 12876575458863,
            "is_buy": true,
            "user": "ErNMP3aJZWdb7YKGXZfdeVAAm9QH1XqNb4w6DceWmshf",
            "timestamp": 1726605351,
            "mint": "BWzc2AoRzpyoioq5q1PcpdVjpWHWKtXSMBEx7z32pump",
            "virtual_sol_reserves": 71716169279,
            "virtual_token_reserves": 448852757211964,
            "slot": 290409357,
            "tx_index": 1,
            "name": "2 fucking apes",
            "symbol": "2FA",
            "description": "Literally 2 fucking apes",
            "image_uri": "https://ipfs.io/ipfs/QmWB3nr8DJXn9hrNWRJfFvpNUsnQFhpLc1HkViUoVeqoPH",
            "metadata_uri": "https://ipfs.io/ipfs/QmQCAUNYjiZFb2QvtK5qrxH1VPxFqA8xXo8gog6BsZzuCM",
            "twitter": null,
            "telegram": null,
            "bonding_curve": "68eFMey8FVe4eBy1KQtWh2BtZoAmRTs4bA2L45h3yTRY",
            "associated_bonding_curve": "9MX1xFiahWJG14reU2hnTKxW6KENeRAafQ9RkgJyqG8Z",
            "creator": "DYtKfXbeiH8WU8bqB7BEWWAMdujPinwmfEg32V5JvGUa",
            "created_timestamp": 1726603375574,
            "raydium_pool": null,
            "complete": false,
            "total_supply": 1000000000000000,
            "website": null,
            "show_name": true,
            "king_of_the_hill_timestamp": 1726604085000,
            "market_cap": 150.989257874,
            "reply_count": 120,
            "last_reply": 1726605345762,
            "nsfw": false,
            "market_id": null,
            "inverted": null,
            "is_currently_live": false,
            "username": null,
            "profile_image": null,
            "creator_username": null,
            "creator_profile_image": null,
            "usd_market_cap": 20018.155808934924,
            "holders_count": 140
        }
    },
    {
        "token_type": "big_buys",
        "token": {
            "signature": "5Qgwk7tgSYjiCeeAzQ6cwms97mZJUQkFDSE5wWndCWTJS4vH4iYfLJCvtzpqZXy6XT57cm1pVc9UTpfs61g5861a",
            "sol_amount": 1150247407,
            "token_amount": 30485798536759,
            "is_buy": true,
            "user": "6r8DgN55VL6C2VWuuVYjd8iDyXZTVGSkginueQ5itGCG",
            "timestamp": 1726605358,
            "mint": "CRiXMz4eN7oDtgbp4NJ8LSSKmSUANsxZCtfBoKW3pump",
            "virtual_sol_reserves": 35430234001,
            "virtual_token_reserves": 908546074041185,
            "slot": 290409373,
            "tx_index": 1,
            "name": "Chocowate Miwk",
            "symbol": "CW",
            "description": "",
            "image_uri": "https://ipfs.io/ipfs/Qmb8aUGiG272Q1KgW4peny82ZFucgNYNt8As3YNUXcPfTV",
            "metadata_uri": "https://ipfs.io/ipfs/QmRqacN1GLWG6AdFAatdwRH19ogSVeEn6FnNHgShewSu2r",
            "twitter": null,
            "telegram": null,
            "bonding_curve": "AVwJRatfHqMhwt1NQD6Pm6ANHjJEqcLu7zAQuGWvMRdw",
            "associated_bonding_curve": "BAwcfu6HDrVrr6G1fiCNkDdAwMGFtU1R1W58yY6sM8gr",
            "creator": "DLGyr74WMs17ZHMWYMNRZmR5F64ZrzKmaiKxCroYoGkp",
            "created_timestamp": 1726605332881,
            "raydium_pool": null,
            "complete": false,
            "total_supply": 1000000000000000,
            "website": null,
            "show_name": true,
            "king_of_the_hill_timestamp": null,
            "market_cap": 36.505668864,
            "reply_count": 7,
            "last_reply": 1726605349881,
            "nsfw": false,
            "market_id": null,
            "inverted": null,
            "is_currently_live": false,
            "creator_username": null,
            "creator_profile_image": null,
            "usd_market_cap": 4839.92157798912,
            "holders_count": 5
        }
    },
    {
        "token_type": "big_buys",
        "token": {
            "signature": "2WTc8JMyk1vrM9MvtfKSg6UagcByeTvMTTAsQqoY3snpjom4Q9kdx4JedbCHbchGJhxSvnkShDYbccEMkQjTqs2h",
            "sol_amount": 3000000000,
            "token_amount": 96458354901572,
            "is_buy": true,
            "user": "BLmska6EYDNkAi9kaVPZ5tUwFBQENeERAXbW8TT2ByA2",
            "timestamp": 1726605380,
            "mint": "DSJR9Y4r6q4b6Gs4p4Vv9iqN9fhn5ecdgdkfA5Zipump",
            "virtual_sol_reserves": 33176607205,
            "virtual_token_reserves": 970261962501746,
            "slot": 290409426,
            "tx_index": 1,
            "name": "Faro Fantasy",
            "symbol": "FF",
            "description": "Consider this a collaboration between Pump.Fun & Fantasy Top.",
            "image_uri": "https://ipfs.io/ipfs/QmZqstSiG99NPtbZeSPXpeZxHFHiEJa4N6gkj5Uk3PZ37U",
            "metadata_uri": "https://ipfs.io/ipfs/QmdAkG1ka7BkfJDR4WiFydQLCov46MDP9p2eQhTuSEpUxt",
            "twitter": "https://x.com/0xFaro__",
            "telegram": null,
            "bonding_curve": "ALqYxNij4TL7SQMRj8ovmF125jwW5NLxh6Bu7kujZVyt",
            "associated_bonding_curve": "GSvMuxTe5o3BpwPNjvGFRW4H8Nu2gyAAw7zjxs7rRRPV",
            "creator": "JD5zmAn2AAD7ED9EZLuXCp1rtEFM4mvxLDWdF7bUJM4A",
            "created_timestamp": 1726601758990,
            "raydium_pool": null,
            "complete": false,
            "total_supply": 1000000000000000,
            "website": null,
            "show_name": true,
            "king_of_the_hill_timestamp": null,
            "market_cap": 28.289146379,
            "reply_count": 7,
            "last_reply": 1726601929147,
            "nsfw": false,
            "market_id": null,
            "inverted": null,
            "is_currently_live": false,
            "creator_username": null,
            "creator_profile_image": null,
            "usd_market_cap": 3750.5750269278205,
            "holders_count": 8
        }
    },
    {
        "token_type": "big_buys",
        "token": {
            "signature": "5GkLSkdzTetnJmUZE5ZHWHALMYbGLE9N1qwkU6s4truNGzvHtUdpx8BqnV2mWjUfTtU25K1t1arjZSZXfy4d6y6e",
            "sol_amount": 2382515309,
            "token_amount": 9038478228892,
            "is_buy": true,
            "user": "5V97uEb4ZNuXFudphU5nwUapRmt7a2V51TbULQvPJwnx",
            "timestamp": 1726605391,
            "mint": "J28MRLmiGRWwy1EJHaA3i4bEQtEJ9cDm8riDJsapump",
            "virtual_sol_reserves": 93314029126,
            "virtual_token_reserves": 344964208561634,
            "slot": 290409453,
            "tx_index": 1,
            "name": "ELON PASSWORD",
            "symbol": "munkiballz",
            "description": "",
            "image_uri": "https://ipfs.io/ipfs/QmdKHaL14a761NZvyHjjEz24NYTn93duSbJXoToK1HE3g3",
            "metadata_uri": "https://ipfs.io/ipfs/QmNN2Tc5M6Mw6U5aHXa8Tud6LxG4ai5r1TX8A2kWtiTQow",
            "twitter": "https://x.com/i/broadcasts/1MYxNMNwmPzJw",
            "telegram": null,
            "bonding_curve": "CNs5jgFYNkNUiKTGV4vStJCPTjJsfTd4mpmYuity93aY",
            "associated_bonding_curve": "2NmdU5pqWxpXQZekhBRhUcAh6jDHxKf8kpUVmTZzSQXZ",
            "creator": "7jz4HeM7dQAdaH132EY9pA9rf3qK86bUbKvLq3pAhxYs",
            "created_timestamp": 1726604119946,
            "raydium_pool": null,
            "complete": false,
            "total_supply": 1000000000000000,
            "website": "https://x.com/i/broadcasts/1MYxNMNwmPzJw",
            "show_name": true,
            "king_of_the_hill_timestamp": 1726605011000,
            "market_cap": 256.86673353,
            "reply_count": 49,
            "last_reply": 1726605358668,
            "nsfw": false,
            "market_id": null,
            "inverted": null,
            "is_currently_live": false,
            "creator_username": "Ian_Hawke",
            "creator_profile_image": "https://cf-ipfs.com/ipfs/Qmb19oySSyMdHGhSsXQnq4TpXkTkmWCvRfk2ZnVGJUzGj2",
            "usd_market_cap": 34055.3915314074,
            "holders_count": 157
        }
    },
    {
        "token_type": "big_buys",
        "token": {
            "signature": "4QTMZ8bjrrVokfF1Nbfgv9mmi6VtWJ2SKUmhC1JWqFdYkTUbh9hZePdohXcXv6BH2ancSnKP57qeGWjVT3M6wCDC",
            "sol_amount": 1200000000,
            "token_amount": 41269230769230,
            "is_buy": true,
            "user": "3aif9ndV5R2fqELZCfKoTQGCrrywAhj77uLhj5Jo6yYV",
            "timestamp": 1726605421,
            "mint": "2GjtnQ9EjXnkP7gnjdA8gv48jbzqKeLPQMVgeTp6pump",
            "virtual_sol_reserves": 31200000000,
            "virtual_token_reserves": 1031730769230770,
            "slot": 290409526,
            "tx_index": 2,
            "name": "BLIND SIGHT ",
            "symbol": "BLIND ",
            "description": "The time has come for $BLIND Blindsight  Let's show the power of our community",
            "image_uri": "https://ipfs.io/ipfs/QmfYnyHyamPCQuaUAHGfJwwpyj4whLqwdAPywfADSVE9cQ",
            "metadata_uri": "https://ipfs.io/ipfs/QmRGmEHmR6Bf6YxNEyrRHkHDy9CohnqbGehEqxrrCshVP7",
            "twitter": "https://x.com/elonmusk/status/1836120537883644049?s=46",
            "telegram": null,
            "bonding_curve": "53RAqnmTKHcDEfqr2sbRLBnGJwHKmgScy8Uak6GgyHUo",
            "associated_bonding_curve": "4cJBrm9cPCVqftPxDPnDbs5BgpJCiAkKmmQ6zm7zoVs9",
            "creator": "3aif9ndV5R2fqELZCfKoTQGCrrywAhj77uLhj5Jo6yYV",
            "created_timestamp": 1726605423108,
            "raydium_pool": null,
            "complete": false,
            "total_supply": 1000000000000000,
            "website": null,
            "show_name": true,
            "king_of_the_hill_timestamp": null,
            "market_cap": 27.958993476,
            "reply_count": 0,
            "last_reply": null,
            "nsfw": false,
            "market_id": null,
            "inverted": null,
            "is_currently_live": false,
            "username": null,
            "profile_image": null,
            "creator_username": null,
            "creator_profile_image": null,
            "usd_market_cap": 3706.8033550480804,
            "holders_count": 0
        }
    },
    {
        "token_type": "big_buys",
        "token": {
            "signature": "4kEoa7ReCQsdWB8eUwqwQJjCY92zyENvsfdV3w1uJ9CdEa2RigrwSVWLqMiekP3SwSNJJx9KN1DauZQBXRZmW6zg",
            "sol_amount": 1062206350,
            "token_amount": 29397915837358,
            "is_buy": true,
            "user": "8167FAj9bgLfQVmAdMJaovpgAgKqJ94h7omZmDLnuWoU",
            "timestamp": 1726605432,
            "mint": "28c91NfcE2Wm7bV1TYp1VjBgP9LHrzTFoKt4WceWpump",
            "virtual_sol_reserves": 34639343911,
            "virtual_token_reserves": 929290118353007,
            "slot": 290409551,
            "tx_index": 1,
            "name": "carti",
            "symbol": "carti",
            "description": "you can't parti without carti",
            "image_uri": "https://ipfs.io/ipfs/QmameFsdmXMicfUEQJhi1kN7Rm5XyCvVRhrSbce3yyV13d",
            "metadata_uri": "https://ipfs.io/ipfs/QmaejTLWQe9LLrKFcKTSofFT81SW5s9bEwSsSassXiJJ7J",
            "twitter": null,
            "telegram": null,
            "bonding_curve": "Hen2JiZz73kwGPgZBU9NBaDfss7jp7Asvj93yoMrJFEm",
            "associated_bonding_curve": "8aTwvNqRvWkPQaUAgfYr9Rvs9PGTHL4MahTWrqqjuFT4",
            "creator": "HG3MNq97Y5naCdW8caLHQApciDkddtKj5HxNAdBYmrUH",
            "created_timestamp": 1726605425236,
            "raydium_pool": null,
            "complete": false,
            "total_supply": 1000000000000000,
            "website": null,
            "show_name": true,
            "king_of_the_hill_timestamp": null,
            "market_cap": 32.970955168,
            "reply_count": 2,
            "last_reply": 1726605433124,
            "nsfw": false,
            "market_id": null,
            "inverted": null,
            "is_currently_live": false,
            "creator_username": null,
            "creator_profile_image": null,
            "usd_market_cap": 4371.289236173441,
            "holders_count": 0
        }
    },
    {
        "token_type": "big_buys",
        "token": {
            "signature": "3dFDb5DeafYiNAcux2Aoh9PQW5BbgwGtF4RRCRfHqpkET42kSezRj6CrAYNGWQnjfuSbxhveZ6LL68wH9MxWqyx6",
            "sol_amount": 2940594059,
            "token_amount": 51179289932247,
            "is_buy": true,
            "user": "74fhZX9QvzQFZJZJdNKEAJk7MyJXeiB9af7GEAnnVgsR",
            "timestamp": 1726605436,
            "mint": "HE3njKt2ubX8ZjvitzYSVwUX3J8577R2jhEgxMzCpump",
            "virtual_sol_reserves": 44501605927,
            "virtual_token_reserves": 723344682602430,
            "slot": 290409559,
            "tx_index": 1,
            "name": "munkiballz1",
            "symbol": "munkiballz",
            "description": "https://x.com/elonmusk/status/1836135772824703266",
            "image_uri": "https://ipfs.io/ipfs/QmTuu9ju74REQCgAgBwUeLw8kokAaSa3x84hh1dhnKrx49",
            "metadata_uri": "https://ipfs.io/ipfs/QmcrRAYnfeyabmFPq51tSNGtojMU4TUcbD5Fp7dGsHxnYo",
            "twitter": "https://x.com/elonmusk/status/1836135772824703266",
            "telegram": null,
            "bonding_curve": "4Nhz2AyfPM5UWGSTREDJfabuVErgo2J9tvLkTEwrF58d",
            "associated_bonding_curve": "8CA691NMMfXGCUVyjsc6CNePGWCNxPL4pFVMmsPnpJSj",
            "creator": "5U1zxWsjdDhAxKGP3BPna26TccHZ9Ap3md5sQwjWafue",
            "created_timestamp": 1726604152334,
            "raydium_pool": null,
            "complete": false,
            "total_supply": 1000000000000000,
            "website": null,
            "show_name": true,
            "king_of_the_hill_timestamp": null,
            "market_cap": 53.660071659,
            "reply_count": 7,
            "last_reply": 1726605088713,
            "nsfw": false,
            "market_id": null,
            "inverted": null,
            "is_currently_live": false,
            "creator_username": null,
            "creator_profile_image": null,
            "usd_market_cap": 7114.252300550221,
            "holders_count": 11
        }
    },
    {
        "token_type": "big_buys",
        "token": {
            "signature": "5boEgouRMR2ZWfyfN2ivxcpvDwwJwuK38Zq7RSsFRNvZ97rJeeUAZ4BNPnsm4NixYSaiwQGDnwqMqTcNA6oRZtJ7",
            "sol_amount": 1000000000,
            "token_amount": 34612903225806,
            "is_buy": true,
            "user": "5kuHjmth1KQmpK7ySWvqmDFQuc6MZTXWGZK2sKP8sJYM",
            "timestamp": 1726605438,
            "mint": "861Gj4eoR8sYGmsVDz2uBREYJ8KwiSETf7QVrP8upump",
            "virtual_sol_reserves": 31000000000,
            "virtual_token_reserves": 1038387096774194,
            "slot": 290409563,
            "tx_index": 2,
            "name": "munkiballz1",
            "symbol": "munkiballz",
            "description": "yeah",
            "image_uri": "https://ipfs.io/ipfs/QmSoySrHpL6Jr6bPJsEmZ5j31CLFDwqoQ74u5PaEj6bJ9j",
            "metadata_uri": "https://ipfs.io/ipfs/QmbChy52f653BTfybA9ULx6kP3GFVLpYMFx2Sa1JSNYy7z",
            "twitter": "about:blank",
            "telegram": "about:blank",
            "bonding_curve": "29MFyHAnjtmT7ctPBtdBgCYuuPc1z8eEYeCtiEePQ2ZT",
            "associated_bonding_curve": "CCghGK1A11adnTTbJHvb2dNSoNf2CCy1pi3qihXQEE2R",
            "creator": "5kuHjmth1KQmpK7ySWvqmDFQuc6MZTXWGZK2sKP8sJYM",
            "created_timestamp": 1726605439573,
            "raydium_pool": null,
            "complete": false,
            "total_supply": 1000000000000000,
            "website": "about:blank",
            "show_name": true,
            "king_of_the_hill_timestamp": null,
            "market_cap": 27.958993476,
            "reply_count": 0,
            "last_reply": null,
            "nsfw": false,
            "market_id": null,
            "inverted": null,
            "is_currently_live": false,
            "username": "RIFT",
            "profile_image": "https://ipfs.io/ipfs/Qmd1xsHpXpEPSH32Kp1cXbwZEmu1cbBq2m6b88L2b555Tg",
            "creator_username": "RIFT",
            "creator_profile_image": "https://ipfs.io/ipfs/Qmd1xsHpXpEPSH32Kp1cXbwZEmu1cbBq2m6b88L2b555Tg",
            "usd_market_cap": 3706.8033550480804,
            "holders_count": 0
        }
    },
    {
        "token_type": "big_buys",
        "token": {
            "signature": "2CyMuggMVNHMzZvmgEAYXiHSkzDNyvEc89Fh6xF1hL8fQTicZ5RRHCJ7KgmjAwMk7bYGgkcZ3jXUi6sGp7Z4LtCz",
            "sol_amount": 2000000000,
            "token_amount": 67062499999999,
            "is_buy": true,
            "user": "AnxtDfvt6rF8q1ZSyqSsBQKPD5A8CWWbAMqSegQzARKe",
            "timestamp": 1726605439,
            "mint": "ASzBxMi7aERCaawc3sTSfmhEsLPhLRP2KWmHKtE1pump",
            "virtual_sol_reserves": 32000000000,
            "virtual_token_reserves": 1005937500000001,
            "slot": 290409567,
            "tx_index": 2,
            "name": "Geordi La Forge",
            "symbol": "FORGE",
            "description": "Geordi La Forge is a fictional character who appeared in all seven seasons of the American science fiction television series Star Trek: The Next Generation and its four feature films as well as the third season of Star Trek: Picard.  La Forge has been blind since his birth and uses technological devices that allow him to see – a VISOR https://twitter.com/elonmusk/status/1836120537883644049?s=46&t=yIAyntAVU6NSYmJTIqEJfA Based on Elon’s Tweet",
            "image_uri": "https://ipfs.io/ipfs/QmW5ydQA8d2md3oadwoqCM6RuUTw5n1r91BuApu6R13oGR",
            "metadata_uri": "https://ipfs.io/ipfs/Qmev8TptYQ67yckx9okJ7VVejghppp3doo1TMjrkeh4yfC",
            "twitter": null,
            "telegram": null,
            "bonding_curve": "EZqjJN9GB57rgJyK6bC6zPVd2qAdNUHqj1TYZJPq8Vnk",
            "associated_bonding_curve": "3tdNKLSrwGNLECsj1AytfsKjs7w78YHjvWBSX7oAzCaQ",
            "creator": "AnxtDfvt6rF8q1ZSyqSsBQKPD5A8CWWbAMqSegQzARKe",
            "created_timestamp": 1726605441001,
            "raydium_pool": null,
            "complete": false,
            "total_supply": 1000000000000000,
            "website": null,
            "show_name": true,
            "king_of_the_hill_timestamp": null,
            "market_cap": 27.958993476,
            "reply_count": 0,
            "last_reply": null,
            "nsfw": false,
            "market_id": null,
            "inverted": null,
            "is_currently_live": false,
            "username": "AntiSnuper",
            "profile_image": null,
            "creator_username": "AntiSnuper",
            "creator_profile_image": null,
            "usd_market_cap": 3706.8033550480804,
            "holders_count": 0
        }
    },
    {
        "token_type": "big_buys",
        "token": {
            "signature": "Mv4bGfe6UBuSEMtMXoF6rrGDp71rY31KwoRuXH9jnPWh7ziCupzUdzaQy9mk4ggZDWgF2xuCUuoyFtCdvEGURzu",
            "sol_amount": 2000000000,
            "token_amount": 52518105603736,
            "is_buy": true,
            "user": "GGhtzYojXnd9pa9ozfNVRjK99M83Dw36bNoJXNRGHMyB",
            "timestamp": 1726605454,
            "mint": "5X8EYHpPGZDkvMLBpp15PWg5M8StnqALxFDyHvvoCcZx",
            "virtual_sol_reserves": 36026603536,
            "virtual_token_reserves": 893506378920081,
            "slot": 290409603,
            "tx_index": 1,
            "name": "FENTANYL PILL",
            "symbol": "FENTANYL",
            "description": "FENT",
            "image_uri": "https://ipfs.io/ipfs/QmTGG4HrwC5UQUsBgWBGD6ibxzDmgaVWw742ePgexBo28D",
            "metadata_uri": "https://ipfs.io/ipfs/Qmc7fmgpwxdxS3UshTGCMJwjUoUh7SDqwh92UYjCFBh319",
            "twitter": null,
            "telegram": null,
            "bonding_curve": "9R81dCqwnmqdsvfXKejGNkGceCWZ7aGUgtVdZzDkv6kW",
            "associated_bonding_curve": "2VSz5ZgPBc53QqorZQ5JLrCjKCebfaaiFacSnHL8cgkV",
            "creator": "8d7j9UgrkSV69jAkfcoHSVQFwKwiQpjWNdxAaK1yhD3s",
            "created_timestamp": 1726249930961,
            "raydium_pool": null,
            "complete": false,
            "total_supply": 1000000000000000,
            "website": null,
            "show_name": true,
            "king_of_the_hill_timestamp": null,
            "market_cap": 35.967994584,
            "reply_count": 5,
            "last_reply": 1726249962078,
            "nsfw": false,
            "market_id": null,
            "inverted": null,
            "is_currently_live": false,
            "creator_username": null,
            "creator_profile_image": null,
            "usd_market_cap": 4768.636721946721,
            "holders_count": 1
        }
    },
    {
        "token_type": "big_buys",
        "token": {
            "signature": "3sLa7HpuVrGk5nS7ADaxjLeQRFPGiUMdoPq5SToc5TU8W9NyxLbwvNbJ2RdwewnEphCB2fNHGP9pX5pXbVrvvCB2",
            "sol_amount": 1470137240,
            "token_amount": 33235084892825,
            "is_buy": true,
            "user": "EpcpyURvnYwLqPRQ5oeEsrS2JkrfSe6pQTjZJwFBaQgL",
            "timestamp": 1726605464,
            "mint": "5X8EYHpPGZDkvMLBpp15PWg5M8StnqALxFDyHvvoCcZx",
            "virtual_sol_reserves": 38476938796,
            "virtual_token_reserves": 836605017943394,
            "slot": 290409625,
            "tx_index": 1,
            "name": "FENTANYL PILL",
            "symbol": "FENTANYL",
            "description": "FENT",
            "image_uri": "https://ipfs.io/ipfs/QmTGG4HrwC5UQUsBgWBGD6ibxzDmgaVWw742ePgexBo28D",
            "metadata_uri": "https://ipfs.io/ipfs/Qmc7fmgpwxdxS3UshTGCMJwjUoUh7SDqwh92UYjCFBh319",
            "twitter": null,
            "telegram": null,
            "bonding_curve": "9R81dCqwnmqdsvfXKejGNkGceCWZ7aGUgtVdZzDkv6kW",
            "associated_bonding_curve": "2VSz5ZgPBc53QqorZQ5JLrCjKCebfaaiFacSnHL8cgkV",
            "creator": "8d7j9UgrkSV69jAkfcoHSVQFwKwiQpjWNdxAaK1yhD3s",
            "created_timestamp": 1726249930961,
            "raydium_pool": null,
            "complete": false,
            "total_supply": 1000000000000000,
            "website": null,
            "show_name": true,
            "king_of_the_hill_timestamp": null,
            "market_cap": 42.544372736,
            "reply_count": 5,
            "last_reply": 1726249962078,
            "nsfw": false,
            "market_id": null,
            "inverted": null,
            "is_currently_live": false,
            "creator_username": null,
            "creator_profile_image": null,
            "usd_market_cap": 5640.53293733888,
            "holders_count": 6
        }
    },
    {
        "token_type": "big_buys",
        "token": {
            "signature": "6grvQQLLaEcVLmXMTSSFniw4MkY1gDpPY2bx5jTRMZaXEAusLiJQXYVNuQZinnF3CrYg1HdKjfGF8qjZWLb1288",
            "sol_amount": 1081108799,
            "token_amount": 22864147765782,
            "is_buy": true,
            "user": "HJsnCvM6WJq5bSYxjFc4kgKmB1dhRY2JQgLyVj3KnkEJ",
            "timestamp": 1726605465,
            "mint": "5X8EYHpPGZDkvMLBpp15PWg5M8StnqALxFDyHvvoCcZx",
            "virtual_sol_reserves": 39558047595,
            "virtual_token_reserves": 813740870177612,
            "slot": 290409627,
            "tx_index": 1,
            "name": "FENTANYL PILL",
            "symbol": "FENTANYL",
            "description": "FENT",
            "image_uri": "https://ipfs.io/ipfs/QmTGG4HrwC5UQUsBgWBGD6ibxzDmgaVWw742ePgexBo28D",
            "metadata_uri": "https://ipfs.io/ipfs/Qmc7fmgpwxdxS3UshTGCMJwjUoUh7SDqwh92UYjCFBh319",
            "twitter": null,
            "telegram": null,
            "bonding_curve": "9R81dCqwnmqdsvfXKejGNkGceCWZ7aGUgtVdZzDkv6kW",
            "associated_bonding_curve": "2VSz5ZgPBc53QqorZQ5JLrCjKCebfaaiFacSnHL8cgkV",
            "creator": "8d7j9UgrkSV69jAkfcoHSVQFwKwiQpjWNdxAaK1yhD3s",
            "created_timestamp": 1726249930961,
            "raydium_pool": null,
            "complete": false,
            "total_supply": 1000000000000000,
            "website": null,
            "show_name": true,
            "king_of_the_hill_timestamp": null,
            "market_cap": 45.991761907,
            "reply_count": 5,
            "last_reply": 1726249962078,
            "nsfw": false,
            "market_id": null,
            "inverted": null,
            "is_currently_live": false,
            "creator_username": null,
            "creator_profile_image": null,
            "usd_market_cap": 6097.58779363006,
            "holders_count": 7
        }
    },
    {
        "token_type": "big_buys",
        "token": {
            "signature": "66KtYwva14BnLayjEaBWr397W4gMGxjnsBQffrdaQZiqRAz1JN3LRmdBPv7NWXYHTKk5P9tooSeY6mJpW6PKBodt",
            "sol_amount": 1979602656,
            "token_amount": 6293243257260,
            "is_buy": true,
            "user": "6jFcSsrhygcCoXdHqGaHC27CyCjsr6bimrSMftpTYrgG",
            "timestamp": 1726605473,
            "mint": "J28MRLmiGRWwy1EJHaA3i4bEQtEJ9cDm8riDJsapump",
            "virtual_sol_reserves": 101621140680,
            "virtual_token_reserves": 316764799079641,
            "slot": 290409649,
            "tx_index": 1,
            "name": "ELON PASSWORD",
            "symbol": "munkiballz",
            "description": "",
            "image_uri": "https://ipfs.io/ipfs/QmdKHaL14a761NZvyHjjEz24NYTn93duSbJXoToK1HE3g3",
            "metadata_uri": "https://ipfs.io/ipfs/QmNN2Tc5M6Mw6U5aHXa8Tud6LxG4ai5r1TX8A2kWtiTQow",
            "twitter": "https://x.com/i/broadcasts/1MYxNMNwmPzJw",
            "telegram": null,
            "bonding_curve": "CNs5jgFYNkNUiKTGV4vStJCPTjJsfTd4mpmYuity93aY",
            "associated_bonding_curve": "2NmdU5pqWxpXQZekhBRhUcAh6jDHxKf8kpUVmTZzSQXZ",
            "creator": "7jz4HeM7dQAdaH132EY9pA9rf3qK86bUbKvLq3pAhxYs",
            "created_timestamp": 1726604119946,
            "raydium_pool": null,
            "complete": false,
            "total_supply": 1000000000000000,
            "website": "https://x.com/i/broadcasts/1MYxNMNwmPzJw",
            "show_name": true,
            "king_of_the_hill_timestamp": 1726605011000,
            "market_cap": 314.074438612,
            "reply_count": 53,
            "last_reply": 1726605446581,
            "nsfw": false,
            "market_id": null,
            "inverted": null,
            "is_currently_live": false,
            "username": "01balkep",
            "profile_image": "https://cf-ipfs.com/ipfs/QmdhxWTBZu8R13weatjkqGAwtaEwdM4X3JYiuw42Yic89D",
            "creator_username": "Ian_Hawke",
            "creator_profile_image": "https://cf-ipfs.com/ipfs/Qmb19oySSyMdHGhSsXQnq4TpXkTkmWCvRfk2ZnVGJUzGj2",
            "usd_market_cap": 41639.98907117896,
            "holders_count": 177
        }
    },
    {
        "token_type": "big_buys",
        "token": {
            "signature": "3xHnMsRsgX7ewj6dKYBDn5sska6H1CQHB7FX7dTrvvnFRB2qgrx9QFG66sZMywRwpJZS86tUEz3LMHtsrKaZ6n2S",
            "sol_amount": 1500000000,
            "token_amount": 17985611555362,
            "is_buy": true,
            "user": "CF8kPCaR1RtJcrzNPtvgsndugvFPxRtNm4zNRAqVSJti",
            "timestamp": 1726605474,
            "mint": "6ntDycEQLBtR8yDnwWz7nU7AsSzin4brim9E63JUpump",
            "virtual_sol_reserves": 52568997815,
            "virtual_token_reserves": 612338104814815,
            "slot": 290409650,
            "tx_index": 1,
            "name": "MILLI",
            "symbol": "MILLI",
            "description": " I haven't seen such a memeable dog since $WIF and $BILLY vibes took over solana",
            "image_uri": "https://ipfs.io/ipfs/QmZwpaEEvhJg4fNt4K43boZxQTg463Cmqr918pDUtGKQP6",
            "metadata_uri": "https://ipfs.io/ipfs/QmThbMTpq1KwFVdJ6ADPRsZ2hhExxGxA4BsvJK8h8usQYK",
            "twitter": "https://x.com/millicoinx",
            "telegram": "https://t.me/MilliPortalSol",
            "bonding_curve": "8sjcjfjSmM4zQJzNLfHc2LERvu4XHeDdTZysoaSHSPie",
            "associated_bonding_curve": "AzLxnymU4YVHchA2Dtmhy7XCJ4qs1NzFMz6rAXAzMaXi",
            "creator": "6GePQkb2uVSKHs9NANTmvPKBYybaDjSgeQUKKZZWin5i",
            "created_timestamp": 1726601472918,
            "raydium_pool": null,
            "complete": false,
            "total_supply": 1000000000000000,
            "website": "https://millisolceyety.site/",
            "show_name": true,
            "king_of_the_hill_timestamp": null,
            "market_cap": 81.020270201,
            "reply_count": 128,
            "last_reply": 1726605108716,
            "nsfw": false,
            "market_id": null,
            "inverted": null,
            "is_currently_live": false,
            "creator_username": "MILLIDEVV",
            "creator_profile_image": "https://ipfs.io/ipfs/QmZxnVH5aheMKz4UX1p9sbVq1r39pHNfoksVJVagcj4FGc",
            "usd_market_cap": 10741.667423248582,
            "holders_count": 79
        }
    },
    {
        "token_type": "big_buys",
        "token": {
            "signature": "3qLpaqbq3kiWX7XPFDY2cBUtiSSbZeCKooaU1QheDXKuxNhvJEnWKthPSSp3hho5EncRoyabTcjHvdmz91Lh6WpY",
            "sol_amount": 1960396039,
            "token_amount": 25520503771693,
            "is_buy": true,
            "user": "3nKUtoLn4bHBeQp6i4B4fY77p46V4Pi6oD2rsBYmorCt",
            "timestamp": 1726605478,
            "mint": "B6ivPDN1yfmB6NU1mcxn49fNh5dTVcGXxXWUHwCcpump",
            "virtual_sol_reserves": 50716344420,
            "virtual_token_reserves": 634706630597203,
            "slot": 290409660,
            "tx_index": 1,
            "name": "MUGI",
            "symbol": "MUGI",
            "description": "https://kabochan.blog.jp/archives/41848890.html",
            "image_uri": "https://ipfs.io/ipfs/QmcrFmK8aBkREyHyE4oPWysrDYRWvwQPUhhsr8NkFvASUC",
            "metadata_uri": "https://ipfs.io/ipfs/QmXvctvuawyTcji92Gu8F5GsgN5vACVxasUvNHaiyv5K7K",
            "twitter": null,
            "telegram": null,
            "bonding_curve": "HAKw3RV8ZJzkbLcxxKcakLGL7K3mtie3CNwM4ncA6fdY",
            "associated_bonding_curve": "9YnkAFKexQKQdAccZvxSrArboSEopetLfZuzajeP7mKs",
            "creator": "5LuUDQmkM4guWe4EBjWAY1fY2SPARbm4MKBtRP5S9rR",
            "created_timestamp": 1726605075122,
            "raydium_pool": null,
            "complete": false,
            "total_supply": 1000000000000000,
            "website": null,
            "show_name": true,
            "king_of_the_hill_timestamp": null,
            "market_cap": 75.927553707,
            "reply_count": 18,
            "last_reply": 1726605470584,
            "nsfw": false,
            "market_id": null,
            "inverted": null,
            "is_currently_live": false,
            "username": "godwinson",
            "profile_image": "https://ipfs.io/ipfs/Qmbsey73JBphJhHWTgctbLSXskpX36vvBHtHuRRpEaSHSr",
            "creator_username": null,
            "creator_profile_image": null,
            "usd_market_cap": 10066.475070474062,
            "holders_count": 40
        }
    },
    {
        "token_type": "big_buys",
        "token": {
            "signature": "QbbXpQ4xwv3UkjG91uXQ1TkwHGpeRAhdE685T9nokSM7ApQSc6ZQr2Qq4jE24uBaYR8GzyP6dG72DLBDdgdRTPC",
            "sol_amount": 1122644567,
            "token_amount": 12141970438122,
            "is_buy": true,
            "user": "AV2vKLEzYwoyXBdFWhf5E6Qr7bdawKUxFSmi9WpFTUwz",
            "timestamp": 1726605484,
            "mint": "B6ivPDN1yfmB6NU1mcxn49fNh5dTVcGXxXWUHwCcpump",
            "virtual_sol_reserves": 55119521807,
            "virtual_token_reserves": 584003616661044,
            "slot": 290409673,
            "tx_index": 1,
            "name": "MUGI",
            "symbol": "MUGI",
            "description": "https://kabochan.blog.jp/archives/41848890.html",
            "image_uri": "https://ipfs.io/ipfs/QmcrFmK8aBkREyHyE4oPWysrDYRWvwQPUhhsr8NkFvASUC",
            "metadata_uri": "https://ipfs.io/ipfs/QmXvctvuawyTcji92Gu8F5GsgN5vACVxasUvNHaiyv5K7K",
            "twitter": null,
            "telegram": null,
            "bonding_curve": "HAKw3RV8ZJzkbLcxxKcakLGL7K3mtie3CNwM4ncA6fdY",
            "associated_bonding_curve": "9YnkAFKexQKQdAccZvxSrArboSEopetLfZuzajeP7mKs",
            "creator": "5LuUDQmkM4guWe4EBjWAY1fY2SPARbm4MKBtRP5S9rR",
            "created_timestamp": 1726605075122,
            "raydium_pool": null,
            "complete": false,
            "total_supply": 1000000000000000,
            "website": null,
            "show_name": true,
            "king_of_the_hill_timestamp": null,
            "market_cap": 90.576661823,
            "reply_count": 18,
            "last_reply": 1726605470584,
            "nsfw": false,
            "market_id": null,
            "inverted": null,
            "is_currently_live": false,
            "username": null,
            "profile_image": null,
            "creator_username": null,
            "creator_profile_image": null,
            "usd_market_cap": 12008.65382449334,
            "holders_count": 42
        }
    },
    {
        "token_type": "big_buys",
        "token": {
            "signature": "P1u32i8SZCtiSr6G8PSVbcvz9yN8qPTiEQ2GbaAE8vECDfPcVt8vNDz5th8LqiM5AnGybrwpwiyM7dSA24SimQ8",
            "sol_amount": 1000000000,
            "token_amount": 30207899388128,
            "is_buy": true,
            "user": "EpdooPbcvT4ybjvYgMfxMaScZY6eaciAAGC7gy5D9t9j",
            "timestamp": 1726605484,
            "mint": "6Dpo65tibw8hh35P2Xz8Rxu44iq1QNqPoHZAQnj6pump",
            "virtual_sol_reserves": 33147592680,
            "virtual_token_reserves": 971111245247972,
            "slot": 290409675,
            "tx_index": 1,
            "name": "Finn",
            "symbol": "Finn",
            "description": "",
            "image_uri": "https://ipfs.io/ipfs/QmeVM1sG4STvhdjSTrqtMP1f9LNbEMzqkDhEYoruECCqHF",
            "metadata_uri": "https://ipfs.io/ipfs/QmWtaKN1Rcr7Xtx513aAKKBQDbBG5bptsydyJ7nYpgD49V",
            "twitter": "X.com",
            "telegram": "X.com",
            "bonding_curve": "9LAcYej87qKTksZ3VnRVPHN6PxPbKQWtGc15n8pD9n3r",
            "associated_bonding_curve": "DuGGXJ68tNVnTpk7faReiNfnPcb4pE4xghHiAuBf6GLw",
            "creator": "G4BYW3vJegxLjzR1yTPLZRnoW3vcsqENDqi8tUnTfNXa",
            "created_timestamp": 1726605467438,
            "raydium_pool": null,
            "complete": false,
            "total_supply": 1000000000000000,
            "website": "X.com",
            "show_name": true,
            "king_of_the_hill_timestamp": null,
            "market_cap": 32.105241223,
            "reply_count": 6,
            "last_reply": 1726605475255,
            "nsfw": false,
            "market_id": null,
            "inverted": null,
            "is_currently_live": false,
            "creator_username": null,
            "creator_profile_image": null,
            "usd_market_cap": 4256.51288134534,
            "holders_count": 7
        }
    },
    {
        "token_type": "big_buys",
        "token": {
            "signature": "5xDrPSYDN74Nv5ZjmiGaMeGrEsaRshV4BmqQF4C394PKiRrPVTz6L1yENhqQG7cNGX6ShMrK2J23quKjxZwn6B8q",
            "sol_amount": 2000000000,
            "token_amount": 67062499999999,
            "is_buy": true,
            "user": "H3bHE8eWDygKw7tqRELmTYEPDCqnaBcNW6ZmbhQchiNz",
            "timestamp": 1726605487,
            "mint": "7HQXzmj8eyH8cL1NsL8seQBFWCf6KPvERftNjZM7pump",
            "virtual_sol_reserves": 32000000000,
            "virtual_token_reserves": 1005937500000001,
            "slot": 290409682,
            "tx_index": 2,
            "name": "Freddy",
            "symbol": "Freddy",
            "description": "5 Nights at Freddy's",
            "image_uri": "https://ipfs.io/ipfs/Qmdmf25R4iPdJbZB5iiq7CMPsWFJi4s5S7s5grrtYUG6S4",
            "metadata_uri": "https://ipfs.io/ipfs/QmQQpbibY6B2iKLeAdFwbc4rnKbWxnvy1AjsRjdozQ5z8V",
            "twitter": "https://x.com/FreddyToken",
            "telegram": "https://x.com/FreddyToken",
            "bonding_curve": "HtqXYc3TvrpXKaZ1u2Rqr7cgTKsA431m4CVTGYLwQZsa",
            "associated_bonding_curve": "2aDqhHcpprzHLczgXjXr8caPC2gK2JdWeKADZUaHsF5V",
            "creator": "H3bHE8eWDygKw7tqRELmTYEPDCqnaBcNW6ZmbhQchiNz",
            "created_timestamp": 1726605488779,
            "raydium_pool": null,
            "complete": false,
            "total_supply": 1000000000000000,
            "website": "https://x.com/FreddyToken",
            "show_name": true,
            "king_of_the_hill_timestamp": null,
            "market_cap": 27.958993476,
            "reply_count": 0,
            "last_reply": null,
            "nsfw": false,
            "market_id": null,
            "inverted": null,
            "is_currently_live": false,
            "creator_username": null,
            "creator_profile_image": null,
            "usd_market_cap": 3706.8033550480804,
            "holders_count": 0
        }
    }
]